platform,video_id,comment_id,author,author_id,content,like_count,reply_count,publish_time,ip_location,sentiment,mentioned_games
youtube,P4yW2GX-17g,Ugz-4V3ZW7cIcqX98Ut4AaABAg,@深心Deep,UCQBGGk_zqGDwRyDug6w8bwg,"此遊戲之標準步驟流程：
1.購買並下載此遊戲。
2.辦理並登入帳號。
3.加入伺服器並開始遊玩。
4.被小隊長飆罵。
5.錄音。
6.請律師寄律師函。
7.上法院。
8.領取和解金。
9.依序重複第三至第九步驟。",342,0,2 years ago (edited),,,
youtube,P4yW2GX-17g,UgxqwFurHi2u4oag0zh4AaABAg,@陳柏源-h9y,UCu6VBt-Lyhdmtj_XUInOi6w,我對戰術小隊的印象：小靈通歡樂送😂,180,0,2 years ago,,,
youtube,P4yW2GX-17g,Ugz3nYEIX9nxQ8GPE7F4AaABAg,@楊杰霖-q4r,UCyrKEmxN4XqcKi3urlSrkjQ,個人最喜歡當醫療兵到處拉人救隊友，容易上手體驗感好，某種程度上來說還受人尊重XD,61,0,2 years ago,,,
youtube,P4yW2GX-17g,UgyRgR9KmY_oUlzSXY94AaABAg,@leopard359,UC71Md3OTePqjGA1HE7xFDDg,大陆玩家不是要把兵站建在攻略指定的地方，而是要建在不是那么容易被发现，不是那么容易被炮击的地方，这样的话，才能减少被找到的概率，减少被炮击的概率。,6,0,2 years ago,,,
youtube,P4yW2GX-17g,Ugw5VlbhLT3hWd7ijwR4AaABAg,@stu70283,UC1JlHhIVly4nT0moxrhJRfQ,之前剛玩squad又沒有麥克風，小隊長問有沒有麥克風只能在那邊搖頭XD，後來小隊在小鎮下車準備建造防禦工事時只有我注意到後面繞了一台bmp過來我又不能叫只好亂開槍吸引隊友注意，最後還是死了一堆人，玩squad 麥克風是必備品。,38,0,2 years ago,,,
youtube,P4yW2GX-17g,Ugz6f4XhU4rY4X_5Gy14AaABAg,@tsaiandy221,UCWOpnwzi1EgCGhU-VZZ3KIg,4:46 笑到害我的嘴裡的飯噴出來 ＸＤＤ,5,0,2 years ago,,,
youtube,P4yW2GX-17g,Ugx7tIhlVD7hxxn0qsh4AaABAg,@孤狼-u4s,UCHd5u6QfCGsWYuoxlkVRL1Q,"以一個200多個小時的SQUAD玩家來講
陸服其實可以玩得很開心
只要說我是新手基本都會教學，就算開車也會手把手教你
只有幾點要注意
犯錯不要怕被罵，承認自己的錯誤，就算搞不懂，他們也知道你是新手，一般不要犯太大的錯基本不會怪你
不要建隊當隊長，建議有基本觀念，或是找人帶，大家玩這遊戲就是為了打仗，我們都希望我們的隊長是溫特斯或是斯皮爾斯，而不是戴克中尉
要玩筒子(火箭筒)建議去練習場練練，真的不練是真的打不到，還是剛才那句，我們是來打仗的，打仗的人不會到了戰場才在射擊訓練
以上
基本沒遇到過甚麼太刁難的陸服玩家，大家都是來打遊戲的，遊戲終究還是遊戲，不過打遊戲還是一種態度，你要用隨便的態度去面對別人，你也做好心理準備去面對別人的冷眼相向",142,0,2 years ago,,,
youtube,P4yW2GX-17g,UgxaC4iTJbKulZOXDyh4AaABAg,@mouseii88,UCv9LjLcBN0aiEuM4od2q4HA,"美服以前有非常專業的玩家，體驗很棒。但後來隨遊戲玩家成長越來越休閒，一方只要有一隊優秀玩家就可能一路推，還蠻無聊的。也很多一人戰神，沒事就一個孤狼偷襲把隊伍給滅了，現在團隊體驗沒那麼好。

不過最近在測試新的系統，希望能重新強調團隊合作。也希望battlebit的刺激下趕快補一補各種敲碗很久的功能。",7,0,2 years ago,,,
youtube,P4yW2GX-17g,UgwdktFOElJ-c2DVw_F4AaABAg,@sideeffect8137,UCvX2RlqE-i1tMLY6UDsC5yA,這遊戲真的是精神時光屋，有時候早上起來兩個兩把就差不多要吃晚餐了,3,0,2 years ago,,,
youtube,P4yW2GX-17g,UgynznqJodeO-qlC6oF4AaABAg,@Guliyan,UC2NVfFrkMzXXDQ6mL7J9J1g,Squad需要的是會火力壓制，又保自己不死的技術，和集結能力的隊長。,5,0,2 years ago (edited),,,
youtube,P4yW2GX-17g,UgzqeAbiRpc71ejWlbR4AaABAg,@willy466964,UCSaeqwyZDh6bajncDFs4lgQ,SQUAD真心推，是款好遊戲,6,0,2 years ago,,,
youtube,P4yW2GX-17g,UgwAEfAP3q7Er4NJYSN4AaABAg,@25999ab,UCyvv8Mz957Fa6BXhxdBeoCQ,這系列感覺很有潛力 期待做人間煉獄和嚴陣以待:face-blue-smiling:,4,0,2 years ago,,,
youtube,P4yW2GX-17g,UgwlVVJafONUt-UwG-Z4AaABAg,@random_145,UCWRLxsx5C4Q13lcRO7oW0fQ,我對這遊戲最深刻的記憶是有一次我埋地雷炸死了大約十個隊友......,2,0,2 years ago,,,
youtube,P4yW2GX-17g,Ugxvd1heFwtdya5I6T14AaABAg,@kao4862,UC_YGbnSTzAuD5suLF3skxeg,默默的看了一眼放在旁邊的英文書，為了squad拼了！,1,0,2 years ago,,,
youtube,P4yW2GX-17g,Ugz1VdEnDtVZjnKuvRx4AaABAg,@garylai3658,UC72qVYWzjOsQgV8ZyTJqHgg,"水喔！
希望以後有多一點這系列",1,0,2 years ago,,,
youtube,P4yW2GX-17g,UgzGrlUptsJ9vaqRRwJ4AaABAg,@howardshen521,UCxZIGFZnwzalEHbjB2v1QLQ,玩過絲瓜的我，是真心希望國防部可以把 敵我識別 認真的成為一個課程，遊戲裡（加軍 vs 俄軍）只要遠一點不開地圖確認基本上分不太清楚，我覺得不管是拿高仿或是能夠搞到真品戰鬥裝，請真人穿出來跟我們的戰鬥裝做差異對比，不然到時候敵人都走到旁邊了還不知道他是敵人，講難聽一點 175射擊練得多準又多準，結果打到自己人那一切都白費了，現實世界裡沒辦法公屏打sorry幫他打個繃帶就好了，友軍tk 死了就是死了,80,0,2 years ago,,,
youtube,P4yW2GX-17g,Ugx2gLSf7cJ9-PvyepR4AaABAg,@kencheng5325,UCwmQXhc1zGh54zAvw36kC4Q,真心喜歡這個新系列，感謝辛苦製作分享 👍🏻！,0,0,2 years ago,,,
youtube,P4yW2GX-17g,Ugztb1BntfCX_l7ItXB4AaABAg,@Гагарин0412,UCfRC-dzhtMUTd60bCxZ3PNQ,"不正規民兵軍團,遊戲內我們都直接叫車臣",2,0,2 years ago,,,
youtube,P4yW2GX-17g,UgwR4XQ2XPckuNla_ZZ4AaABAg,@e8482g,UCDqSl6RsSdZuphEf-D3n1XA,不開麥的我，只能眼睜睜看著這款遊戲，然後選擇跳過😂,0,0,1 year ago,,,
youtube,P4yW2GX-17g,UgxHhYV6d630RvpLPrl4AaABAg,@lk4332101,UCQ-NHboOIo4ec-Sy2R0fAzQ,感謝瘋哥推廣squad(讚讚:yougotthis::yougotthis:,1,0,2 years ago,,,
youtube,P4yW2GX-17g,Ugz-4V3ZW7cIcqX98Ut4AaABAg.9ruciD44jYt9rxKttzyQl1,@haoweihu1255,UC9Mjle2zJSDsz80g8q1gbgw,都是大陸人，跨國訴訟阿這是,20,0,2 years ago,,,
youtube,P4yW2GX-17g,Ugz-4V3ZW7cIcqX98Ut4AaABAg.9ruciD44jYt9rxMnTA-yOB,@cheungwai318,UCYNvcO2iEnlE9Ms8BvmtThg,其實台灣這條法例蠻無理的,10,0,2 years ago,,,
youtube,P4yW2GX-17g,Ugz-4V3ZW7cIcqX98Ut4AaABAg.9ruciD44jYtAGGwFDC-qxF,@edl5665,UCA0hKEAIBac-KhEPrdZF4Wg,这方法只限以同个国家，如果不同国家是没用的,1,0,1 year ago,,,
youtube,P4yW2GX-17g,Ugz-4V3ZW7cIcqX98Ut4AaABAg.9ruciD44jYt9sAoHRhKP9i,@74174home,UCTD9Mq9WGG27LtGr_cFCiLQ,所以真的有人因為這樣領取和解金嗎 哈哈哈哈,0,0,2 years ago,,,
youtube,P4yW2GX-17g,UgxqwFurHi2u4oag0zh4AaABAg.9ruKMJnmfTj9rwCMwPdPdQ,@HOAYAUNG,UCDjXkX0vFyaczZGL7-OX45Q,老6不要過來阿！,5,0,2 years ago,,,
youtube,P4yW2GX-17g,UgxqwFurHi2u4oag0zh4AaABAg.9ruKMJnmfTj9rymenbvzkS,@AC_440,UCgbkiQhMiVcUso1AVRZHUUg,阿拉花瓜😅,3,0,2 years ago,,,
youtube,P4yW2GX-17g,UgxqwFurHi2u4oag0zh4AaABAg.9ruKMJnmfTj9s0rRJ_UaJw,@angelinebryan6691,UCNiMntskImXbyD5cZUxRNlw,"当我第一次遇见老六：我$）@＆＃＆＆@
第N次：习惯了
当老六时：我要炸十个，谁也别拦我",3,0,2 years ago,,,
youtube,P4yW2GX-17g,UgxqwFurHi2u4oag0zh4AaABAg.9ruKMJnmfTj9s0zCHl6slU,@陳柏源-h9y,UCu6VBt-Lyhdmtj_XUInOi6w, @angelinebryan6691  打不過就加入，天經地義,4,0,2 years ago (edited),,,
youtube,P4yW2GX-17g,UgxqwFurHi2u4oag0zh4AaABAg.9ruKMJnmfTj9ruuD8QqskS,@e__y9103,UCtvWTm8CqE8kFRv6JMn_YwA,IED 好像没了,2,0,2 years ago,,,
youtube,P4yW2GX-17g,UgxqwFurHi2u4oag0zh4AaABAg.9ruKMJnmfTj9ruwFODR5OD,@Guts先生,UCNRK4Q_O0tSQpigOAcZrMrQ, @e__y9103  (;´༎ຶД༎ຶ`),0,0,2 years ago (edited),,,
youtube,P4yW2GX-17g,UgxqwFurHi2u4oag0zh4AaABAg.9ruKMJnmfTj9ruMU-nNrNd,@劉杰翰-m9q,UCV6QChGMV9jIk0ye9d28MOQ,錯了 是一款專業的老六遊戲 因為有人可以在你想不到的位置修築反坦克導彈陣地,37,0,2 years ago,,,
youtube,P4yW2GX-17g,UgxqwFurHi2u4oag0zh4AaABAg.9ruKMJnmfTj9ruPfLeBu9Y,@下宇,UCWlV6nL8yb6lW6wfYewIuSQ,​ @劉杰翰-m9q 別人對遊戲的印象又不是所有人對遊戲的印象，直接否定別人是三小😂,18,0,2 years ago (edited),,,
youtube,P4yW2GX-17g,UgxqwFurHi2u4oag0zh4AaABAg.9ruKMJnmfTj9ruRLF_xNec,@Guts先生,UCNRK4Q_O0tSQpigOAcZrMrQ,"不怕老六，只怕有重火力的老六。

我的老六日常實用工具與技巧

工具：
履帶減速器、小靈通、反坦克手雷（拿來反步兵）、家鄉的大狙、防空炮、反坦克導彈。

我的專長：在地越南人、重生點粉碎者、火力覆蓋、阿拉花瓜。",38,0,2 years ago (edited),,,
youtube,P4yW2GX-17g,UgxqwFurHi2u4oag0zh4AaABAg.9ruKMJnmfTj9ruTvI11C_3,@劉杰翰-m9q,UCV6QChGMV9jIk0ye9d28MOQ, @Guts先生  好家夥 你是真專業 直接包辦了敵人的喪葬服務,16,0,2 years ago (edited),,,
youtube,P4yW2GX-17g,Ugz3nYEIX9nxQ8GPE7F4AaABAg.9ru_q87G_0K9s45ntThPsL,@qweko6533,UCwdn9tBBJg62l-dzSN4kL5g,"在WT:幫隊友維修
(非常感謝)
真的是成就感爆棚ww
可惜就是沒有賺頭(",7,0,2 years ago,,,
youtube,P4yW2GX-17g,Ugz3nYEIX9nxQ8GPE7F4AaABAg.9ru_q87G_0K9wPKd1Pcr-p,@setup500,UCxMh8QutzASmMNiGjjNabgQ,妹理科~~~,1,0,2 years ago (edited),,,
youtube,P4yW2GX-17g,Ugw5VlbhLT3hWd7ijwR4AaABAg.9ruQ4WSnhaB9ruy5Dv9Bkq,@道奇-k4o,UCDAh8-X_QUUJt4U3EVAEDAQ,這是常識吧 ....,3,0,2 years ago,,,
youtube,P4yW2GX-17g,Ugw5VlbhLT3hWd7ijwR4AaABAg.9ruQ4WSnhaBA0-2zSKxkak,@anti-commie-roc,UCOI4aTHPD8fSJK3jZ4-SEfg,我ㄉ印象：歡迎光臨rpg火力壓制區砲就位,0,0,2 years ago,,,
youtube,P4yW2GX-17g,Ugx7tIhlVD7hxxn0qsh4AaABAg.9rug9NUq7149rwCh-F-rqI,@HOAYAUNG,UCDjXkX0vFyaczZGL7-OX45Q,其實就跟戰雷一樣，你要亂走位到敵軍火線上被秒，或是硬是單機跟一團敵機狗，活該隊友不幫你。,8,0,2 years ago,,,
youtube,P4yW2GX-17g,Ugx7tIhlVD7hxxn0qsh4AaABAg.9rug9NUq714AEOagHSlUp7,@徐海侨,UC_JTfnrF3fbClwVaMXuUBCA,我不同意，这是硬核游戏，我认为还是尽量不要辜负队友，我的建议是，休闲玩家玩休闲游戏去,3,0,1 year ago,,,
youtube,P4yW2GX-17g,Ugx7tIhlVD7hxxn0qsh4AaABAg.9rug9NUq714A8w1K9IoeUl,@auriga6290,UC_bR2DZivAvPYWXW2UYCK-w,這個遊戲大多數東南亞，講的話根本聽不懂...然後整個過程根本不知道要幹嘛，打個遊戲那麼拼命...,1,0,1 year ago,,,
youtube,P4yW2GX-17g,Ugx7tIhlVD7hxxn0qsh4AaABAg.9rug9NUq7149sASCvHUArl,@tetrisbear7658,UCGFww_X9M0fRF6wtmbampyg,這遊戲外掛多嗎,0,0,2 years ago,,,
youtube,P4yW2GX-17g,Ugx7tIhlVD7hxxn0qsh4AaABAg.9rug9NUq7149sVltpO9aZQ,@DNMD1224,UC-XkzN4IwPd7q0M3FCa-Now, @tetrisbear7658 我玩几个小时，根本找不到人,2,0,2 years ago (edited),,,
youtube,P4yW2GX-17g,Ugx7tIhlVD7hxxn0qsh4AaABAg.9rug9NUq7149rwrwuLpOev,@xiaodai125,UCKidIp7dcZc0rrWfLMGfIRA,"还有一点... 别太去提政治或者时事, 除了这几个基本游戏怎么玩他们都乐意怎么玩",16,0,2 years ago,,,
youtube,P4yW2GX-17g,Ugx7tIhlVD7hxxn0qsh4AaABAg.9rug9NUq7149rxsE-GkBuJ,@blitzday,UCMD2o0YM1l7TAhsQS4Scr6A,把台灣的壞習慣帶進陸服，基本都是通報陸服連BAN,4,0,2 years ago,,,
youtube,P4yW2GX-17g,UgzGrlUptsJ9vaqRRwJ4AaABAg.9rvWX447CnP9rzjm7pnFiH,@truezyf,UCiwoIIKh7iGGI1yvpSaob_Q,"现实世界里并不是靠军服分辨敌友。大部分国家的军装都差不多。
主要靠的是战斗位置。开战之前就已经分配好阵地、进攻路线、敌人位置。现实作战不会像游戏里那样到处乱跑。",11,0,2 years ago,,,
youtube,P4yW2GX-17g,UgzGrlUptsJ9vaqRRwJ4AaABAg.9rvWX447CnP9s3gyj4XmvQ,@allen52039,UCLet15V627ohNVkujsTbkDw,"這種訓練各國都有,但也只能減少誤傷而已
如果是小隊戰鬥,不是隊友的士兵就是殺掉
大部隊戰鬥就靠紀律,訓練,溝通,降低誤傷友軍
而且戰前都會講好戰術布置,口令,撤退路線,或是記號辨識等等
不該出現士兵的地方有士兵
或是跑錯出現在火力覆蓋範圍,打就對了....死了也是白死
即使是美軍這種常年戰爭的部隊
他們也不敢說能做到0誤傷
甚至誤傷事件還不少,聯合作戰多多少少都要死一些友軍",8,0,2 years ago,,,
youtube,P4yW2GX-17g,UgzGrlUptsJ9vaqRRwJ4AaABAg.9rvWX447CnP9s5U_5634qn,@user-asswecan,UCLIwdsM0wEiGikccPb7W9fg,玩arma，squad这种有友伤且无队友标识的游戏，敌我识别永远是第一位的，不光是队友被TK了要骂你，你弹药可能也不够你随便乱打,3,0,2 years ago,,,
youtube,P4yW2GX-17g,UgzGrlUptsJ9vaqRRwJ4AaABAg.9rvWX447CnP9s3SmeAUjHk,@Tommy771207,UC_93z4DAJeyCugnia2sdHbA,TK讓對方沒有經驗（X,1,0,2 years ago,,,
youtube,P4yW2GX-17g,UgzGrlUptsJ9vaqRRwJ4AaABAg.9rvWX447CnP9sTcNiSEKvs,@graver6862,UC6y2osEmq5dAnla2UG82seA,這遊戲玩得厲害的都不是軍人,0,0,2 years ago,,,
youtube,P4yW2GX-17g,UgzGrlUptsJ9vaqRRwJ4AaABAg.9rvWX447CnPANiVhYMoNqO,@SHYANG-tt3qv,UC_rLdc9TjW5nyhZREskTQjQ,為了國家奉獻，結果死在自己人的手上，想想都悲哀。,0,0,6 months ago,,,
youtube,P4yW2GX-17g,UgzIXfBTxU2ucZ60RvZ4AaABAg,@fhjuhcxc,UC0AveBsrkh3B_TLPBRCHstw,我都是玩澳洲服 因爲玩家有很多奇葩有趣的 整場很歡樂,3,0,2 years ago,,,
youtube,P4yW2GX-17g,UgziQQAyxp_RP0krwpZ4AaABAg,@SHYANG-tt3qv,UC_rLdc9TjW5nyhZREskTQjQ,解說地很詳細，謝謝。,0,0,2 years ago,,,
youtube,P4yW2GX-17g,UgyUf7I8meUGeGHhm7d4AaABAg,@qaz113211,UCXIb_Di1gjb9FQI8QFuWQ-A,"身為一個玩了1000小時的SQUAD玩家來說
還是去大陸服打比較好玩
英文底子不好 就去對岸打
然後 大致上SQUAD也有對岸的技術人員在協持更新
實質上其實也不錯",1,0,2 years ago,,,
youtube,P4yW2GX-17g,UgzWdYLJZvdgj2g035R4AaABAg,@Sausage-u5g,UCnNwZzE3VpPu_ieaSYvKWhw,我超愛玩這類型的遊戲！ 沒想到現在才看到這影片⋯但！還來得及 買上購買加入戰場！,0,0,1 year ago,,,
youtube,P4yW2GX-17g,Ugw6vfP58Xqa21YY2g54AaABAg,@Bill-koz,UCx7v_xgbGNQM1le7I3lqVwQ,現在才發現有這麼優質的好節目!,0,0,1 year ago,,,
youtube,P4yW2GX-17g,UgxYsO-Whc4a-RmcE2B4AaABAg,@OutOfTheDream1,UCFudzSpa-VQSLfxitUOkAEA,要說壓迫感operation harsh doorstop 也不錯,1,0,1 year ago,,,
youtube,P4yW2GX-17g,Ugwb49jvPfEcqwnL5d14AaABAg,@白蘿蔔-f2s,UCrTmtXBCRUYg51X85pXqA3w,這款遊戲自由度高、內容豐富、玩法上萬種，永遠玩不膩，我個人覺得最好玩的軍事遊戲,0,0,1 year ago,,,
youtube,P4yW2GX-17g,UgwdjIEg_XKLd5zqsZR4AaABAg,@deviljoey_6296,UCOBfh_ck2qR7ZzW0fb8XdUg,我也很喜歡這類型的遊戲🫡 十分刺激十分好玩～,0,0,2 years ago,,,
youtube,P4yW2GX-17g,UgwhsAAZZ_Q4CPBOdAN4AaABAg,@DinoBrothersStudio,UCBbIreHcc1qQppS-rPVUPoA,首推塔克夫,7,0,2 years ago,,,
youtube,P4yW2GX-17g,UgylI0yzr8LDAn_t3XF4AaABAg,@carloskaholeung1562,UCnLDWcXqW9IemCJXhdgzdCQ,我和我朋友的玩法通常是不停在敵人後方騷擾敵人，極速突入，打完就立刻走人，殺個對方措手不及😂,0,0,2 years ago,,,
youtube,P4yW2GX-17g,UgykWaxkQ26k8O_nYdF4AaABAg,@ayung0227,UCBm1f5iWfvgrUKryUqXCHmQ,來了!!!,0,0,2 years ago,,,
youtube,P4yW2GX-17g,UgxM7Z3Ju9-T2cDCQKt4AaABAg,@BTSRoblox,UCWxww2sLabw9gI2SUAhC8Og,我超喜歡戰爭遊戲，就算要很久才能遇到人，我都還是超喜歡，只是沒辦法玩就是了,0,0,2 years ago,,,
youtube,P4yW2GX-17g,UgxFVal56g9-b5JPf014AaABAg,@r.o.cloyalty,UCfZWiMbNCNdQLxMqssUllpg,第一次聽到這個遊戲 有空來玩😊,0,0,2 years ago,,,
youtube,P4yW2GX-17g,UgyaGyn0Ti5GxtJwp0t4AaABAg,@Ivan-ds4cx,UCXS3PYAQlQ9jxGUfnS55wjg,"現在很多遊戲 可以當作""觀念建立""的工具 
我覺得最好來一次 考核 

陸 士- 尉 推 SQUAD
尉-校 推 WARNO (做完釋出1.0後)
校-將 推 command mordern operation 
尤其將官 媽逼 推不過直接 拔掉",57,0,2 years ago,,,
youtube,P4yW2GX-17g,UgyEprAXp_f1qNgnc494AaABAg,@謝宗旻,UCnlRFszsKVvWqWelnqkldBw,"我也知道這款遊戲
不過我買來收藏很久了都還沒玩XD
我都在玩集火地獄",0,0,2 years ago,,,
youtube,P4yW2GX-17g,UgzUb7dpUuJJAfKuZEd4AaABAg,@sidewalks29,UCCOfnRx_BRW-GEU3IVG1bKA,我以前玩project reality 有做下MODs，之後有前玩家開發squad 跟人第一批出錢投資，仲玩左下alpha就放棄，重點係project reality經驗用唔上！以前好講步兵小隊物資打長期戰，唔會打大攻勢直搗黃龍，除非成隊死返去總基地等車等直升機，因為大家一有機會係某個理想地點可以做山寨王就call 運輸同工兵一齊起FOB，如果指揮官冇親自落來拆山寨我哋成唔會上前線死,1,0,2 years ago,,,
youtube,P4yW2GX-17g,UgzJrkYScCN5AUhJ3ih4AaABAg,@周期,UCZ1bZizLLe5nLE-sMKspmsQ,人间炼狱也不错 不想玩的可以看比赛 加上解说超精彩 尤其最近 中国队打德国的几场教你什么叫兵者诡道也,0,0,2 years ago,,,
youtube,P4yW2GX-17g,UgwxfqwjWptU8JcXnZR4AaABAg,@鐘貳魔法師,UCx1RSZvR-o3re3DuUEGhY7A,我對squad的印象是來自nano這個YTB的影片 當時就覺得這遊戲真有趣 結果一進陸服分分鐘被勸退 要玩強力推薦拉人組隊,0,0,2 years ago,,,
youtube,P4yW2GX-17g,Ugzq4pcWjm26kzGkZRt4AaABAg,@kerryhung143,UC-zCaM50T4jNbR-v1UhgcJA,"我就是喜歡這種硬核遊戲😊😊
像是project zombie",0,0,2 years ago (edited),,,
youtube,P4yW2GX-17g,Ugzpa33ZZ5H65etz1JF4AaABAg,@禹安陳-m7t,UCo7uqF8zmlbe-zGWSyDAhAA,我對這款遊戲的唯一印相是王站長的小靈通,0,0,2 years ago,,,
youtube,P4yW2GX-17g,UgyaGyn0Ti5GxtJwp0t4AaABAg.9rucJOejRt-9rzvudI_S2Q,@文龍-r8w,UC8XS8itujGGS5P5p1ZH2UtA,元首 推 鋼鐵雄心4,14,0,2 years ago,,,
youtube,P4yW2GX-17g,UgwCLGlWxpp1svISkdp4AaABAg,@傑森Jasonaz,UC-WFpgS4n4mrom-WIQ8FbyA,敲碗看瘋哥玩直到現在仍在封測的塔科夫😂😂,0,0,2 years ago,,,
youtube,P4yW2GX-17g,Ugx0OqOf0ck9BYJMrsR4AaABAg,@9病成医,UCFPR0RlEtR1CZX8nALq2pkQ,我去，我刚买这个游戏疯哥就做了，好巧,0,0,2 years ago,,,
youtube,P4yW2GX-17g,UgwJdBwO4JB_hAj8i3p4AaABAg,@鄧運霖,UCgDPgFhXaRfuGeNkWmM3oiA,"如果當四個月與一年的義務役都是砲灰等級時，平民上戰場的最大用處就是當成會自爆的炸彈。
醒醒吧! 在硬核的遊戲都是遊戲，因為你根本不會死。",1,0,2 years ago,,,
youtube,P4yW2GX-17g,UgwhtHpV6lDxcJnRSkt4AaABAg,@naruto3990,UCTtI5h6EGmS6HKZi4KT-tPg,不得不說這遊戲的玩家很少有人再教的，一般你不會玩就是教你趕快換隊長，遊戲不錯玩真的推薦大家玩,0,0,2 years ago,,,
youtube,P4yW2GX-17g,Ugw3zHhBeSxKdrqrnB54AaABAg,@felixsteiner1295,UCqgihr-oAqVoqoLt3fN2hdA,瘋哥同志 請向塔科夫前進,2,0,2 years ago,,,
youtube,P4yW2GX-17g,UgwitdTwfuTwRpFqx1d4AaABAg,@必勝科,UCi2CNKMRNC3Ok0mnKGD-VyA,玩這款被隊長罵千萬不要因為心態崩潰而怒刪遊戲，被罵反而是這款遊戲的其中一個樂趣🤣,0,0,2 years ago,,,
youtube,P4yW2GX-17g,Ugzsmk6u9G_taodvwQJ4AaABAg,@RuoHengHung,UCFySh0jOcELjed0GR1x3pmQ,而且玩這一類的老外通常是30-40的中年男性玩家，除了要會一些軍事術語（就算不會也至少要能溝通），要在外服玩切記不要把BF、COD的個人英雄主義帶進Squad，分工作好自己的的事情就算輸了也不會有人怪你。,0,0,4 weeks ago,,,
youtube,P4yW2GX-17g,UgxU1Z1dqbgVGUHw_cZ4AaABAg,@kane307,UCWKkmTpiS5qGZ7sUQ7CD4OA,玩這個遊戲認識蠻多中國人的，10月去對岸旅遊，他們說要招待我😂,1,0,2 years ago,,,
youtube,P4yW2GX-17g,Ugye0YBKvn326J1Ei2F4AaABAg,@7.2Il,UCtDn9Gt3j3-9hpfCoUfrIMQ,前陣子在網咖打工過 有兩個人在玩這個 整間店都是他們的聲音 嘴巴沒在停的,0,0,11 months ago,,,
youtube,P4yW2GX-17g,Ugzz7ZMmmjKjWJtB1np4AaABAg,@DonBaBa0913,UCROJs8ToQHOeL5xEc_XqjyA,"從BETA時代開始玩的,這遊戲真的越改越好了",0,0,2 years ago,,,
youtube,P4yW2GX-17g,Ugz6W-klv5WPVLv_mvh4AaABAg,@raycai6738,UCFWWVKltTFWfF0g1MCP7Uhw,"UBOAT很硬但還沒做完，有生之年遊戲
要好玩潛艦遊戲我推COLD WATER，想學潛艦基本作戰就是玩這就對了
最強的是戰役有台海劇本可以玩",1,0,2 years ago,,,
youtube,P4yW2GX-17g,UgybXcsFm3A0qMPyG454AaABAg,@setup500,UCxMh8QutzASmMNiGjjNabgQ,"你說的陸服規矩多非常有同感
雖然沒玩過squad,但玩過戰地系列
都是玩陸服ping比較穩定,缺點就是規矩多,玩得很不自由",0,0,2 years ago,,,
youtube,P4yW2GX-17g,Ugwpg3b8K81NKwygTvx4AaABAg,@柯小黑-x2x,UCkVJsGlIaDutm-_EJiHCu6g,王站長，老六戰法,0,0,2 years ago,,,
youtube,P4yW2GX-17g,UgwA-DUCxFPoyD1xYjF4AaABAg,@dwg-r1o,UCKbqxxyag7SJkUKdH-fzQ7g,squad真真太具独特魅力了，缺点固然劝退，但偏偏优点别的游戏都没有。一般陆服压力大，不过我个人就是奔着战术比拼去玩的，心态和说说笑笑的battlebit没法比，在高玩服内出现失误或打败仗在我这类玩家看来就是很气馁的体验。但休闲散人队友我是尊重的，心态不分高低,14,0,2 years ago,,,
youtube,P4yW2GX-17g,Ugwe2_9jOrCquaEGFgh4AaABAg,@梅諾斯.美洛特,UCqLQjW0GGWMiRLl5SlQM5Dw,"玩這遊戲一開始連英文都不懂就跑到美服歐服，
玩到能聽懂簡單的英文，還有學會讀空氣😂😂
看一下地圖跟隊長要幹嘛，跟著走就對了（",0,0,1 year ago,,,
youtube,P4yW2GX-17g,UgxP5Q9yDhYcF353hyJ4AaABAg,@redgoogle101,UC1Lb3yWu6iAZqAZmzy5kqug,玩了777小時的我，我很確定默契與單兵戰鬥力影響大部分遊戲體驗，最討厭的應該還是沒有人想要開小隊(剛開局),0,0,2 years ago,,,
youtube,P4yW2GX-17g,UgxqeCyfPsC91Upv-K14AaABAg,@Doortrap2000,UC_L4VL4fyEjck7QFbVIHHWA,這遊戲最好玩的就是在碰到對面ifv的時候把自己的IFV開翻,0,0,2 years ago,,,
youtube,P4yW2GX-17g,UgyK72krnfaM73h2Jnh4AaABAg,@a2660303,UCoM_4slu8ab4gJZbAMd1bZQ,"真的好需要好好推廣這個遊戲
能遇到台灣玩家都感覺相當珍貴",3,0,2 years ago,,,
youtube,P4yW2GX-17g,UgxT0Tdx6GKCwhdLotF4AaABAg,@RuoHengHung,UCFySh0jOcELjed0GR1x3pmQ,下班娛樂放鬆真的該去玩BF、COD系列。Squad、Squad 44、Hell Let Loose、ARMA 3等等都屬於軍事模擬，除了要具備一些軍事概念而且一場動輒數小時。,0,0,4 weeks ago,,,
youtube,P4yW2GX-17g,Ugw4V-nrFUhBg2liUNN4AaABAg,@ダゲホウアイニヨチインアイドぉう,UCNHhQPxiwZcjdAK9a-7ZdbQ,我玩了3k小時也只是個小菜鳥，但我的經歷也讓我對這遊戲有很多種看法，還有對各種伺服器的生態感到唏噓罷了，很多新手都把自己的意識當作主體而忽略他人的合作意識，地圖的認知、戰術應用、地圖判別都弱於別人很多，往往都是被一面倒，更多時候是當全隊只有你一個小隊長懂得G鍵這個指揮頻道的使用，其他隊伍的亂搞、情報偏差都能帶給你各種不一樣的高血壓，認真說的很多外服玩家大多都是「休閒」為主，所以只要有幾個戰隊能打出真正的硬核操作，往往都會造成另一邊隊伍被將死在地板，當然也有時候戰隊是沒有辦法撐起那些亂玩的玩家隊伍，但至少戰隊的指揮意識大多時候都能給你良好的遊戲體驗，當然每個人玩遊戲的看法不同相對的給予尊重，各種抱怨、批評甚至針對性的舉報我遇過不少，也看到不同的人情事故，也希望大家能在這遊戲中找到自己的樂趣，大部份的外服歐服我都加入過，但相信我外國的月亮真的沒有比較圓,7,0,2 years ago,,,
youtube,P4yW2GX-17g,UgwA-DUCxFPoyD1xYjF4AaABAg.9ru_QhbIgJtAFWyw4dXvGq,@weixiangyu6183,UCIAAoDAG_GbzlqZTOx-KUTw,每种娱乐带个人的快乐最终都是刺激大脑分泌多巴胺。但是每种娱乐带来的刺激方式不同，，刺激程度也不同。这个不是那种随便玩玩的休闲类游戏，这个游戏玩的是一个集体游戏，靠团队配合取得最终胜利，所以玩家不光要对自己的行为负责，还要对队友的付出，团队的结果负责。其实这一点和足球，篮球都是类似的，5个人一个队打篮球，11个人一个队踢足球，归根结底都是游戏，但是人类一样都非常重视，一样重视战术，技术。,0,0,1 year ago,,,
youtube,P4yW2GX-17g,UgyK72krnfaM73h2Jnh4AaABAg.9rx8Ter3u479rxKptAjYIe,@haoweihu1255,UC9Mjle2zJSDsz80g8q1gbgw,爆ping玩陸服一百多常態，難受阿,0,0,2 years ago,,,
youtube,P4yW2GX-17g,Ugw4V-nrFUhBg2liUNN4AaABAg.9rymapVCLOe9rzk5PakkBU,@truezyf,UCiwoIIKh7iGGI1yvpSaob_Q,3000小时？这游戏推出这么久了吗？,0,0,2 years ago,,,
youtube,P4yW2GX-17g,Ugw4V-nrFUhBg2liUNN4AaABAg.9rymapVCLOe9rzmLfQfRyd,@ダゲホウアイニヨチインアイドぉう,UCNHhQPxiwZcjdAK9a-7ZdbQ, @truezyf  很久了呀，5k以上都是平常🤔,0,0,2 years ago (edited),,,
youtube,P4yW2GX-17g,Ugx__tD4kxO5CbQuJrx4AaABAg,@閃亮兔子,UCvWhxXJvf7vI1DF6Jsyswbw,據理 俄烏戰場上的巴赫姆特絞肉機，來說 一個前線士兵12小時到6小時。,1,0,2 years ago,,,
youtube,P4yW2GX-17g,UgxXL-3Mf46lShaHEQ54AaABAg,@cheungwai318,UCYNvcO2iEnlE9Ms8BvmtThg,不介意畫質的話，project reality也不錯，武器和陣營比較齊全。,0,0,2 years ago (edited),,,
youtube,P4yW2GX-17g,UgxyUssAszW5D6xYy-Z4AaABAg,@taguo96,UCmeC-bybnVM80di3UDe1O_w,謝謝瘋哥開啟了這一個系列，不過squad這款遊戲真的是太硬核了，沒有有經驗的好友一起玩真的會有點難玩，這裡小弟我希望瘋男可以介紹一下insurgency sandstorm這款偏微硬核的軍事遊戲，謝謝瘋男❤,7,0,2 years ago,,,
youtube,P4yW2GX-17g,UgyLaL76YegWsHSCePd4AaABAg,@clorise_35p,UC1og7ZXzIWuTmzP7R05r0qQ,期待你做 HELL LET LOOSE,0,0,2 years ago,,,
youtube,P4yW2GX-17g,UgzsWEZA3gGFY0Y_k1N4AaABAg,@煞神武漢英雄,UCH3bpt3QMHbJrMCWQKEVHAg,如果開頭那個士兵是真實世界的話 他可能沒想到 他的遺言是幹OO怎麼那麼多阿😂,0,0,2 years ago,,,
youtube,P4yW2GX-17g,UgyHuAj4_hqppJeG7TF4AaABAg,@收音機惡魔天使,UCfBSgeziL9nhIDozMANo7yg,瘋哥 感謝我又有遊戲可以玩了 希望我不會把那個遊戲給刪了 剛剛才下載 順便練習跟外國人對話口語 不知道你們有沒有Dis,0,0,2 years ago,,,
youtube,P4yW2GX-17g,UgzW4sJs_97BAp3zTw14AaABAg,@陳聖豪-t9t,UCfYsEGJ74aPdiEr3RSbNTyQ,瘋哥可以聊最近很常看到一部影片，主要在聊 台灣國軍防彈衣的抗彈板防不住子彈被擊穿的的話題嗎?,1,0,2 years ago,,,
youtube,P4yW2GX-17g,UgwhHXidpwQdOONCpqp4AaABAg,@jerry6506,UClTdAdYt8wNfochH43Y4Fcg,法魯賈也是硬到爆😂,0,0,2 years ago,,,
youtube,P4yW2GX-17g,UgxUywoEw-19WoBL6w54AaABAg,@黃威凱-n9o,UCBbXuohFerkKaPmGxzAXWXg,期待HELL LET LOOSE,0,0,2 years ago,,,
youtube,P4yW2GX-17g,UgyaIA8sVOwIdeinAYp4AaABAg,@天命可違,UCuF1h6pYniLe5OYCysKkJMg,company要让我们自由 打 拳 铳！,0,0,2 years ago,,,
youtube,P4yW2GX-17g,UgxddDGwIijzFVWi8wN4AaABAg,@tam12025,UCKzbtQCcjVJoDx6iriuYNtg,核心在於你整個隊每個人必須有一定的領導能力，因為若果有數個platoon NCO無能的話，那就會把戰場趨勢拱手讓了別人了。,0,0,2 years ago,,,
youtube,P4yW2GX-17g,UgyvxwiBuX3wphkDgTV4AaABAg,@Joker-pz6vi,UC301QGZQE7e3ZotTojNHQJg,暫時集火地獄最有真實感,1,0,2 years ago,,,
youtube,P4yW2GX-17g,UgwV910xwdEs01bjkxV4AaABAg,@jk06549879841151,UCmVHgyMRGQevHX2XPUaabEA,硬派拉，硬斗(ngī-táu)，硬核是沙小XD,0,0,2 years ago,,,
youtube,P4yW2GX-17g,UgzrColGzAibM4oa3uh4AaABAg,@Wendigo_lu,UCEYpZ2R0XgLH0VyXg7hahnw,"玩坦克戰 蠻多人會因為被搶頭而計較 我是不懂為什麼啦！畢竟遊戲裡的個人分數也完全沒有意義也不會讓你從二兵升一兵 少尉變中尉
再者對方坦克都瞄準你了 你為了避免搶了隊友的頭選擇不開槍 反而陣亡的會是你",0,0,2 years ago (edited),,,
youtube,P4yW2GX-17g,UgwT-HzAtgdDfujBXXd4AaABAg,@d9585939,UCugdD7pzmgT1836uuE7Wo9A,地獄之門（Call to Arms - Gates of Hell: Ostfront）也是很硬核（軍事即時戰略+射擊遊戲😂😂）,5,0,2 years ago,,,
youtube,P4yW2GX-17g,Ugxf9TzfKji_IfvL2_l4AaABAg,@FishMeowJP,UCThGbr94dnm4Bxgd29NYznw,"加拿大遊戲, 我都玩歐美服, 已經玩破2000小時.",1,0,2 years ago (edited),,,
youtube,P4yW2GX-17g,UgzvYxmptyPMOp3sSMB4AaABAg,@Roger-vh3uq,UCwJAAtqEgXx4A64W11Nc4-A,也介紹 Ready or Not吧,1,0,2 years ago,,,
youtube,P4yW2GX-17g,UgxQdDCB_yIhPCH6wo14AaABAg,@文龍-r8w,UC8XS8itujGGS5P5p1ZH2UtA,"步兵拿的所有火箭筒
都有安全距離 貼臉打載具  是穿不了的
砲彈會直接彈走",0,0,2 years ago,,,
youtube,P4yW2GX-17g,UgxseI98WWQ86qMOUh54AaABAg,@Maxium1352,UCgmOf61y_X1Qj9d6SRpF2Ew,"陸服的話儘量不要選那些帶有戰隊標記的服務器，那些戰隊天天鬧矛盾
其他陸服的情況其實還好，一般不會發生視頻裡那種狀況",1,0,2 years ago,,,
youtube,P4yW2GX-17g,UgyyjYY-fUenkWprIoF4AaABAg,@Billups2005,UCaDid4pUA7US342DiFnS4mQ,4:46 XDDDDD,0,0,2 years ago,,,
youtube,P4yW2GX-17g,UgxyUssAszW5D6xYy-Z4AaABAg.9rueC63_tHm9rxMyQOy_Cb,@cheungwai318,UCYNvcO2iEnlE9Ms8BvmtThg,PC端的話建議加個ISMC MOD,0,0,2 years ago,,,
youtube,P4yW2GX-17g,UgwT-HzAtgdDfujBXXd4AaABAg.9rujpvZQdSZ9runE7WUsbT,@kan8291,UC8fKDCPNB-SuUJhX0nwX3uQ,hell let loose超好玩,1,0,2 years ago,,,
youtube,P4yW2GX-17g,UgwT-HzAtgdDfujBXXd4AaABAg.9rujpvZQdSZ9ryeM9t_A8T,@funglangran167,UCnBra5_ejKUkpRlAhFJkO0g,Gates of Hell 玩家報到,1,0,2 years ago,,,
youtube,P4yW2GX-17g,UgwT-HzAtgdDfujBXXd4AaABAg.9rujpvZQdSZ9s1UhXqW_4_,@zilrep,UCYnoMnWCMMNImZecBlKnzMA,我还想拉人去steel division2,1,0,2 years ago,,,
youtube,P4yW2GX-17g,Ugxm69RTp5dzdf2WAEZ4AaABAg,@anyu5513,UCp8RPKlyM9BHP-zyNGiWezg,想看這個Starship Troopers Extermination  應該也是通公司出廠的,1,0,2 years ago,,,
youtube,P4yW2GX-17g,UgzPELelbU7mnoYfIsJ4AaABAg,@張煥緯-r8j,UCcW0G3LN5HDrbKdkymcqenA,"玩了call off duty、battlefeild、arma、squard，心中的第一名仍是battlefeild 4，畫面逼真，整體畫風偏向戰爭片的寫實感，而且武器和載具最貼近現代戰爭，2042整個畫面變的科幻看了膩，5又是的二戰背景。
遊玩方式雖然沒有arma,squard那樣硬派，可是究畫面而言煙塵、載具、武器、建築、光影都比較寫實，但就是不符合亞洲人胃口，都沒伺服器，想玩也沒辦法。",0,0,1 month ago,,,
youtube,P4yW2GX-17g,Ugwm-thiHw-FtW2JjKB4AaABAg,@DdDd-py2fc,UCRyp0-ZCT1AGdpCWQjyzChQ,"好少人講這些遊戲
先訂閱在看",0,0,2 years ago,,,
youtube,P4yW2GX-17g,Ugy9qvoRuQ6fR_DNTYR4AaABAg,@Hanbuxia,UCFYOjTPG2jGXodvhJfMAgaA,我是TCLS的隊員 感謝瘋哥做影片介紹SQ 這遊戲在台灣實在是太小眾了  感謝你讓他可以更加曝光❤,134,0,2 years ago,,,
youtube,P4yW2GX-17g,UgysY3Ec95qvGzor0wB4AaABAg,@HMS-SURCX,UCVvxgsDsG3wqGAWJ455CS3g,現代戰爭無論是否在交戰，都是生死一瞬間,0,0,2 years ago,,,
youtube,P4yW2GX-17g,Ugz2NYNWV_8fjJT2rBd4AaABAg,@Luke30678,UCi9hMyIPPCF40YcWdTIn9yQ,4:46 啊啊啊啊啊啊啊,0,0,2 years ago,,,
youtube,P4yW2GX-17g,Ugz10r-2oNvFyVE-ckt4AaABAg,@MadSean0001,UC-pnhIzV4VEY1yTUxemGoJA,"他們有星鑑戰將模組  做得很棒

後來做那模組的團隊  做了一款獨立遊戲 星艦戰將:滅絕

反而覺得沒有SQUAD這麼精緻",0,0,2 years ago,,,
youtube,P4yW2GX-17g,UgyRSnmP_l1h6BTjBP94AaABAg,@IshowspedShorts,UCBLiromOBsVfMVPMmvFoqAA,可惜現在中文的也只有中國服 然後ping值又高,3,0,2 years ago,,,
youtube,P4yW2GX-17g,UgxJFhwgZxWPv3gP19F4AaABAg,@oct0pu,UCZrk7aMX2fKfwt_v097rySA,想買遊戲的推薦買帶同工作室作品Beyond The Wire的組合包，比單買遊戲還便宜,0,0,2 years ago,,,
youtube,P4yW2GX-17g,Ugzcx9q2LJnEGHcWPI94AaABAg,@蔡鴿子,UCDRr6uVJXVAYkv6pvvXndOw,這遊戲好玩，不要當低能兒就好，很多玩家都很nice中國人也是,1,0,2 years ago,,,
youtube,P4yW2GX-17g,Ugz1TfuebFSog_hQIZJ4AaABAg,@williamwong668,UCfAH3RpopyNmaRWpuc4B7Dg,少講了要擊毀載具要依各國不同的狀況去打引擎彈藥架 若是只拿輕筒這種難一發入魂的就要嘗試打履帶癱瘓載具,0,0,2 years ago,,,
youtube,P4yW2GX-17g,UgxerkTfKelr2u2_Wzd4AaABAg,@valanoggyvonsherebryakovho4630,UCZm-J8fey7IeOzEfjrOLHXA,敲碗ARMA 3,1,0,2 years ago,,,
youtube,P4yW2GX-17g,Ugwly6Ij5KiWyFSLYoN4AaABAg,@xiaodai125,UCKidIp7dcZc0rrWfLMGfIRA,"这游戏的确能让很多嚷嚷开战就开战的人去体验下了...
我也挺期待你聊聊hell let loose的, 我个人觉得hell let loose在乐趣与硬核之间平衡得很不错的一款. 不会让人硬到啃不动, 也不会像战地之类的节奏快到不适应",14,0,2 years ago (edited),,,
youtube,P4yW2GX-17g,UgzPJCZ2ofHBuefsRFF4AaABAg,@lyy66001,UC44FlbIDE4BkppQQxPF8Gtw,yeah we got them... 停停停停停,0,0,2 years ago,,,
youtube,P4yW2GX-17g,UgwpPFGefieZEEgNDI94AaABAg,@AKA-cr3kq,UCNq6h6Jyw9g2948WiOX--GQ,3：12 XXX蕾😂,0,0,2 years ago (edited),,,
youtube,P4yW2GX-17g,Ugzt2jk7z6QxFY3BK614AaABAg,@神諭者莫哥,UC7XO6OOTcLYK8jCDrOpzCnA,天啊絲瓜,0,0,2 years ago,,,
youtube,P4yW2GX-17g,UgyORHcWJgLqiWa5OR54AaABAg,@雨狐RAINFOXGAMING,UChbCo_PAVR3FVsbF9rKPBUQ,"對我來說
主要就是沒錢啦w",0,0,2 years ago,,,
youtube,P4yW2GX-17g,UgzAjwl6fNyjpwwvC054AaABAg,@HUGO-ye1jy,UCeLUle-_s3hh51DxKZ6W-_Q,"軍事類遊戲 推薦武裝行動ARMA3  

台灣玩家真的太少了",0,0,2 years ago,,,
youtube,P4yW2GX-17g,UgzJVJkDywQp9iizFnF4AaABAg,@DoomSpellSkadi,UCG0coPrvdaG-fDtOAmR7rZQ,"7:50
跟從前FEZ要採水晶蓋方尖塔的地圖觀差不多嗎?
從前玩幻想戰記學過一堆地圖觀和概念，只是路人都愛亂打廚傷所以就沒玩下去了

很喜歡吃觀念，要蓋建築物攻防的大型國戰遊戲，只不過我不肯定我能不能玩FPS就是",0,0,1 year ago,,,
youtube,P4yW2GX-17g,UgwX34WjAMh9b0MP0c14AaABAg,@Jason.KyloRen,UCw9SMffPDZ6l1NDsvq7rDhA,推薦瘋哥可以玩逃離塔克夫,0,0,2 years ago,,,
youtube,P4yW2GX-17g,Ugy9qvoRuQ6fR_DNTYR4AaABAg.9ruMRucjNt29s6W-GiVWMG,@hackhazc2179,UCg8BsOhviHUY1Yr4E1yN44g,"垃圾戰隊，我玩2000小時，可以告訴各位新手如果想要享受遊戲，千萬不要加入這個戰隊。
一群現實垃圾，在遊戲中搞軍隊式管理",3,0,2 years ago,,,
youtube,P4yW2GX-17g,Ugy9qvoRuQ6fR_DNTYR4AaABAg.9ruMRucjNt29ruQMQ4q46G,@dewa6489,UC8wqXtRwy8ort9ZJJDfncoA,+1，想要玩这游戏的可以参加TCLS一块玩耍哦❤❤❤,2,0,2 years ago,,,
youtube,P4yW2GX-17g,Ugy9qvoRuQ6fR_DNTYR4AaABAg.9ruMRucjNt29rxLicmDChW,@williamwong668,UCfAH3RpopyNmaRWpuc4B7Dg,本來想加入 但聽其他人說貴團打的很無聊….,2,0,2 years ago,,,
youtube,P4yW2GX-17g,Ugy9qvoRuQ6fR_DNTYR4AaABAg.9ruMRucjNt29ryKHFer4gU,@raytefather9662,UCa3IQSyNp8EYmE--OyjhTAA, @williamwong668 他們似乎都不理路人尤其在外服,1,0,2 years ago (edited),,,
youtube,P4yW2GX-17g,Ugy9qvoRuQ6fR_DNTYR4AaABAg.9ruMRucjNt29ryx7AkwMz3,@Hanbuxia,UCFYOjTPG2jGXodvhJfMAgaA, @williamwong668  青菜蘿蔔各有所好啦 有的人喜歡休閒有的人愛寫實玩法 都好都好 希望你可以親自體會協同作戰的感覺 而不是從別人口中聽說喔😉 謝謝指教👍,1,0,2 years ago (edited),,,
youtube,P4yW2GX-17g,Ugy9qvoRuQ6fR_DNTYR4AaABAg.9ruMRucjNt29ryKDVqrh_j,@raytefather9662,UCa3IQSyNp8EYmE--OyjhTAA, @williamwong668 我在美服和其他歐服還聽過有外國人抱怨他們,0,0,2 years ago (edited),,,
youtube,P4yW2GX-17g,Ugy9qvoRuQ6fR_DNTYR4AaABAg.9ruMRucjNt29rueSP4DuMy,@taguo96,UCmeC-bybnVM80di3UDe1O_w,TCLS真的是一個友善的戰隊❤，歡迎加入,1,0,2 years ago,,,
youtube,P4yW2GX-17g,Ugy9qvoRuQ6fR_DNTYR4AaABAg.9ruMRucjNt29rup_UIsiEh,@yuikoli,UCqF26hwOlDP4HXeMsnPXDKQ, @taguo96  香港玩家想加入,0,0,2 years ago (edited),,,
youtube,P4yW2GX-17g,Ugy9qvoRuQ6fR_DNTYR4AaABAg.9ruMRucjNt29ruoviXiD2Z,@luke666lll3,UCKV9ipUFZTpC5sGO0vg5UPA, @taguo96  怎麼加,0,0,2 years ago (edited),,,
youtube,P4yW2GX-17g,Ugy9qvoRuQ6fR_DNTYR4AaABAg.9ruMRucjNt29s1QKZJFhQo,@kunfuhuang,UC97d49_cjH4VmjP3BSWa0EA,這戰隊如果你跟強的玩家起衝突 戰隊會偏袒強的玩家 有心要玩還是考慮找幾個朋友一起同樂就好 戰隊並不是必要,1,0,2 years ago (edited),,,
youtube,P4yW2GX-17g,Ugy9qvoRuQ6fR_DNTYR4AaABAg.9ruMRucjNt29siNcV4twfH,@ice0429,UC0osWKs6v6RziXM3wDatdew,"首先 我很支持您推廣遊戲還有創辦戰隊的動機
但覺得貴團的分級升遷制度莫名其妙
可以簡單玩個遊戲卻硬要搞得像當志願役",1,0,2 years ago,,,
youtube,P4yW2GX-17g,Ugy9qvoRuQ6fR_DNTYR4AaABAg.9ruMRucjNt29rutjsyqJtK,@gualai39,UCA7CKSbRBOqJ1nnTOFlRC7A,推寒,0,0,2 years ago,,,
youtube,P4yW2GX-17g,Ugy9qvoRuQ6fR_DNTYR4AaABAg.9ruMRucjNt29rv1JgI2o_s,@Pooh831,UCopLlltYr9R7oRa6Acv6uxg, @gualai39  推光,0,0,2 years ago (edited),,,
youtube,P4yW2GX-17g,Ugy9qvoRuQ6fR_DNTYR4AaABAg.9ruMRucjNt29rv4v95H5pC,@joe007121,UCt4bZzMjEYX-oRu6kXEsX7w, @gualai39  推光 把光一個不留的推出去,0,0,2 years ago (edited),,,
youtube,P4yW2GX-17g,Ugy9qvoRuQ6fR_DNTYR4AaABAg.9ruMRucjNt29ruuYI7aBBE,@e__y9103,UCtvWTm8CqE8kFRv6JMn_YwA,怎么加入,0,0,2 years ago,,,
youtube,P4yW2GX-17g,Ugy9qvoRuQ6fR_DNTYR4AaABAg.9ruMRucjNt29rwaW2Rs-_c,@Dorian_body_builder,UCAXWUner54riQHoI2xTGeQg,剛加了,0,0,2 years ago,,,
youtube,P4yW2GX-17g,Ugy9qvoRuQ6fR_DNTYR4AaABAg.9ruMRucjNt29rwqLTSA7RU,@誠憶陳,UCLQkABtz9t5hJtxQeRKhrhQ,這個不是寒不下嗎,0,0,2 years ago,,,
youtube,P4yW2GX-17g,Ugy9qvoRuQ6fR_DNTYR4AaABAg.9ruMRucjNt29rxL2wIE9vm,@阿杰-y9t5e,UCgEfowyZDhkGvtGHbOc2kFg,愛了愛了,0,0,2 years ago,,,
youtube,P4yW2GX-17g,Ugy9qvoRuQ6fR_DNTYR4AaABAg.9ruMRucjNt29s0hyvSWqMG,@Mr.BigBird,UC7oFxDuM4O7BSpmBfO29qkg,怎麼加??,0,0,2 years ago,,,
youtube,P4yW2GX-17g,Ugy9qvoRuQ6fR_DNTYR4AaABAg.9ruMRucjNt29rvl-VDEL6f,@chichi8964-x7o,UCgUlJuyt0MjLj3go6YI0ACw,TCLS確實個好戰隊，可惜幹壞事被踢出去了😂,1,0,2 years ago,,,
youtube,P4yW2GX-17g,Ugy9qvoRuQ6fR_DNTYR4AaABAg.9ruMRucjNt29rwdIrZjUcu,@ROCAF-TurboFanEngine,UCF_WtzYqV9HPE_Ptm3iVbLQ, @chichi8964-x7o 有時候真的沒有想要玩的跟「當兵」一樣被指揮😂,2,0,2 years ago (edited),,,
youtube,P4yW2GX-17g,Ugwly6Ij5KiWyFSLYoN4AaABAg.9rwrniqPvnZ9s01PQvdPvS,@seraphim9183,UC6UNJvlX5B7Qnvnx6BftT1g,可以考慮加入這遊戲的叛軍軍火庫模式，會整個歡樂很多,3,0,2 years ago,,,
youtube,P4yW2GX-17g,Ugwly6Ij5KiWyFSLYoN4AaABAg.9rwrniqPvnZ9s0Cse4CZhI,@xiaodai125,UCKidIp7dcZc0rrWfLMGfIRA, @seraphim9183  群体发癫是吧,1,0,2 years ago (edited),,,
youtube,P4yW2GX-17g,UgyiMBgoc58T0l5kAkV4AaABAg,@ggqqlive,UCJtjtxd5iJRMS_qZaxH0PYA,squad 的載具都可以斷履帶和輪胎以及打引擎的加成傷害以及部位裝甲傷害不一樣，先就這樣補充一下有興趣的可以進教學關看所有局部裝甲,0,0,2 years ago,,,
youtube,P4yW2GX-17g,Ugw_AjniheNsHNCWF7d4AaABAg,@magiciek,UCpI9seIkLqpkxuRbC40DC6Q,有機會介紹三角洲部隊跟閃擊要動嗎,0,0,2 years ago,,,
youtube,P4yW2GX-17g,Ugy5960khn8Y5xc_3Hx4AaABAg,@user-abiko_cccc,UC9DzPqwt1ZzkQ9t5KkAyh5w,当年我做过模拟实验，证明我在表现最好的时候能在现代战场上存活一分钟。😂！,0,0,2 years ago,,,
youtube,P4yW2GX-17g,UgxprqP0wFjbq7RCUox4AaABAg,@rrtbr8241,UCSpgvJLsPx41fInI_aFLb2A,下次可以換集火地獄看看,0,0,2 years ago,,,
youtube,P4yW2GX-17g,UgwXwQs8reDc-79TP-R4AaABAg,@SCP-ow4mw,UCJ5SHyBD3KP1LsIBYYxb3jg,Running with rifle 輕鬆簡單有趣的槍戰遊戲，又或是急劇複雜的策略遊戲🤔🤫,0,0,2 years ago,,,
youtube,P4yW2GX-17g,Ugy_5OdlDU8BB2zpdSp4AaABAg,@LiMro-ph9hm,UCNkGg_njQpx-e8XjqkKPELg,丝瓜陆服可以找无规则服务器的，但是一般玩的人很少，还要等好久暖服什么的，还有就是说我玩的服务器对兵站什么的没有太大要求，只要不是很离谱就好，规则的话也是为了增加游戏体验的,1,0,2 years ago,,,
youtube,P4yW2GX-17g,UgzwWBH7_0tnfti1WMF4AaABAg,@MilesTsai,UClHR8mJTNRvKfQxIBT1JDJw,好像戰地風雲2的 Project Reality模組 @@,0,0,7 months ago,,,
youtube,P4yW2GX-17g,UgzsDcHX8GTvGSzulfl4AaABAg,@L-y1z,UCd6rsX1nd2TAtd5UgXj3DtQ,可以在播一次推薦的戰爭模擬遊戲嗎？,0,0,2 years ago,,,
youtube,P4yW2GX-17g,UgwpcobvkQmoETATmqR4AaABAg,@凱凱-l8f,UCFg6w1gLdu9Y9q6dk2DVMSw,主播可以介紹法魯賈六日嗎？～❤,0,0,2 years ago,,,
youtube,P4yW2GX-17g,Ugy6iCb5ZGbrNZfCz9h4AaABAg,@必勝科,UCi2CNKMRNC3Ok0mnKGD-VyA,這遊戲其實不難，自己加小隊玩一陣子很快就懂了，當你會玩的時候，你就會覺得他不是一款硬核遊戲，反而越玩越帶勁，而且玩法非常非常多元，也是我認為所有軍事遊戲裡面最好玩的一款，但唯一缺點是對台灣玩家比較不友善，網路各種爆ping,3,0,2 years ago,,,
youtube,P4yW2GX-17g,UgwglbNViIst0iYNCtl4AaABAg,@0pyourk0,UCAWGfz4864GOEfYnnjjgCOg,battlebit有不少的遊戲機制/設計都是借鑑於squad,0,0,2 years ago,,,
youtube,P4yW2GX-17g,UgwK5w8_ZAXnX5KLJTl4AaABAg,@雨霖-Yulin15,UCeNqjUsTjPSA6fb5dwycvlA,"期待瘋哥之後介紹蝸牛的應徵入伍,坦克跟戰雷是一樣的,而且大部分都一槍死,是一款對新手非常不友善的二戰擬真遊戲",1,0,2 years ago,,,
youtube,P4yW2GX-17g,UgxhPAgVCZ_afbfWeZl4AaABAg,@吳育銘-h9r,UC6F2GGffb1zbiK70Bd0xtQA,影片裡提到的陸服玩家有點像戰地系列早期的大陸玩家，那時候還沒有所謂外掛，他們都玩得超認真，好幾場看起來必輸的都會逆轉，有時候不聽從指揮官命令還會被直接踢出小隊，但是後來外掛越來越多不說，新手進來根本都瞎雞巴亂玩，感覺每個都是小學生,1,0,2 years ago,,,
youtube,P4yW2GX-17g,UgxAWXplPKFDx2wm5WR4AaABAg,@IAH416a5,UCFHveN7gb4USYwCDkqrDJlQ,"這YouTuber講的方式很像森納映畫, 各位其他觀眾可以去看一下",0,0,2 years ago,,,
youtube,P4yW2GX-17g,UgzvH0ZMkIa_0CC7abd4AaABAg,@WeslieJohnson-mi6ec,UCMgHa9p8rTHE-YNYlnJdbAQ,遊戲是好遊戲，但是現在最大的問題就是這遊戲優化死差，掉幀問題一直沒得到解決，越更新越卡，也不知道換了虛幻5後我這機子還能不能玩……,0,0,10 months ago,,,
youtube,P4yW2GX-17g,UgxgtmApsyqQ_6Y9dQh4AaABAg,@霧玥星,UCBsf15QNCRLs3W7l8VjWLxg,可以介紹 Hell Let Loose 嗎,1,0,2 years ago,,,
youtube,P4yW2GX-17g,Ugy34-9MT2FoXRcs9fR4AaABAg,@峰哥亡命天涯备份,UCOzGLAAcR9LZpMam21a8onw,"我在《星河戰隊滅絕》遇到的中國人也一樣，玩遊戲火氣很大，一有不順就抱怨，甚至还会爆怒，還有一些人一進遊戲就指手畫腳，还会碰到放國歌的。

对此我上网查了一下B站的评价，有人对此归咎原因，只说了四个字：「因为没钱」

感觉是蛮有道理的，因为没钱，所以就把重心都放在游戏中追求成就感

还有人说是因为竞技心、功利心太强",0,0,2 years ago,,,
youtube,P4yW2GX-17g,UgzPP4qGyMFTWlL66TN4AaABAg,@333tung,UCbH3Aw7zRUj1um8WSZYvmzA,相信在Arma 3 影片的說的問題會更嚴重,2,0,2 years ago,,,
youtube,P4yW2GX-17g,UgxHPwxGmDAMzONwVrB4AaABAg,@煌_銘,UCNIXHzXi4Kl8KZG_c9WJIpA,講硬核還以為會有塔科夫😅,0,0,2 years ago (edited),,,
youtube,P4yW2GX-17g,Ugw3_a0FsDstj5P3k414AaABAg,@ayung0227,UCBm1f5iWfvgrUKryUqXCHmQ,"超喜歡nano 玩squad,他的影片超好笑",4,0,2 years ago,,,
youtube,P4yW2GX-17g,Ugy6iCb5ZGbrNZfCz9h4AaABAg.9rw_yG6uAqp9rx7nlF9qUs,@yech0205,UCRB2l4r05Lk6e_U-gYdQHpA,欢迎来对岸😉,1,0,2 years ago,,,
youtube,P4yW2GX-17g,UgwK5w8_ZAXnX5KLJTl4AaABAg.9rugjq-hR1z9ryl0WmxcI3,@洛英-l4o,UCSkNhVkPFw9zX0xgyoRFwDQ,應徵入伍其實不是很擬真,2,0,2 years ago,,,
youtube,P4yW2GX-17g,Ugw3_a0FsDstj5P3k414AaABAg.9ruJJ7ZEC9L9ruKqIwo_mc,@hachamacooking954,UCFRAxypT8eljQZQCpuXGhlA,nano的影片都很好笑,2,0,2 years ago,,,
youtube,P4yW2GX-17g,Ugw3_a0FsDstj5P3k414AaABAg.9ruJJ7ZEC9L9ruLx8w7nDD,@HITHERE-wq6kf,UCe3skjKQVZFn3di4EJGZwUw,Nono 的很大,0,0,2 years ago,,,
youtube,P4yW2GX-17g,Ugw3_a0FsDstj5P3k414AaABAg.9ruJJ7ZEC9L9ruR0RfhoHc,@fbi8980,UCXS0Lecqu7w0u0dd1-hVbEw,Nano:you probably wonder how i ended up in this situation,0,0,2 years ago,,,
youtube,P4yW2GX-17g,Ugw3_a0FsDstj5P3k414AaABAg.9ruJJ7ZEC9L9ruRGZzbj0Z,@fbi8980,UCXS0Lecqu7w0u0dd1-hVbEw,還有squiders 也很好笑,0,0,2 years ago,,,
youtube,P4yW2GX-17g,Ugw3_a0FsDstj5P3k414AaABAg.9ruJJ7ZEC9L9ruVEUVbzRc,@Prisoner-24601,UCfAV-Ctsc76zzqMKOmdc35Q,Nano 有一集是學中國人講冰淇淋 超好笑,0,0,2 years ago,,,
youtube,P4yW2GX-17g,Ugwp_vMzf4LVh2NryP14AaABAg,@Jason-fz2nn,UCmTzroBrMc24i4oYbwMI_UQ,瘋哥會玩enlisted嗎？,1,0,2 years ago,,,
youtube,P4yW2GX-17g,UgywiERKnLPixwX2P9l4AaABAg,@八九六四,UC_RBt0ThKCXK3msc4VUZQBQ,"我玩了squad大概300hrs了。你在影片中提及了小部分問題。我在這補充
1. Server Ping 在瀏覽器中和遊戲中不一樣，例如在瀏覽器中[AU] server 只有120ping，加入後直衝300ping
2. 遊戲沒優化好（Texture 不要開epic，epic texture 好像是4k的），建議用dx12，用不了就調低畫質，Tessellation 關掉，effect調至medium。 Low的話氣氛不太好。Post Processing & SSAO影響不大，請隨意不過SSAO會有殘影（UE4問題）
3. Squad 是好敏感的遊戲，對gpu的frequency特別敏感，所以請勿oc(overclocking)
4.我作為香港人，一開始想找TW/HK server 不過沒有。因此主要玩AU / US Server。 試過加入CN server 2-4次， 打算做一個步槍兵看看遊戲環境。結論是不行，他們一整場只放了2個FOB（可能是server 規定？）。搞得我現在見到大陸人玩squad 都覺得他們渣渣輝。",4,0,2 years ago,,,
youtube,P4yW2GX-17g,UgwXs2G6mlWMlrBL-St4AaABAg,@AK47-AKM-AK74,UCowHwlIQZNYjTN-mQyB6clw,好遊戲但不像YT上的SQUAD是更難,0,0,2 years ago,,,
youtube,P4yW2GX-17g,UgxltM7OlyWN-kfzc4N4AaABAg,@Dylan-l1y,UClbt0tFCIjZi6yNCC6z1bgQ,這款真的好玩，但也是真的缺隊友,0,0,2 years ago,,,
youtube,P4yW2GX-17g,UgwXoLONM29w2WS716B4AaABAg,@張安泰-o2p,UC1iLLME2HgK6TQCg4nlwkXA,看過陸服的玩過各種佬六把外國人打懵...笑死我了不是躲在樹上就是繞到後面放冷槍.....看起來我還是玩戰雷就夠了,2,0,2 years ago,,,
youtube,P4yW2GX-17g,Ugw9fXVXN82OqczQ27B4AaABAg,@Ianlo587,UC94JcJso9P_E53eZBQln81A,瘋哥有考慮玩阿嬤三嗎,0,0,1 year ago,,,
youtube,P4yW2GX-17g,UgyNklXcfsFb51_unT14AaABAg,@9病成医,UCFPR0RlEtR1CZX8nALq2pkQ,陸服跟外服最大的区别是陸服一开局载具队从不让步兵上车，步战车坦克装甲车一路狂飙，直接跟对面打战雷载具对决，步兵队一队一台补给卡车前线建兵站开始对枪，直升机带着陶队到对面家门口建陶，各打各的。而外服载具队不论什么时候总是主动带着满满一车步兵一起进攻，讲究配合。,2,0,2 years ago,,,
youtube,P4yW2GX-17g,UgzL7XP4tpx9rCjHJ2t4AaABAg,@johnnninja8360,UCyGC6vr3St6vbVZzI-30Xpg,水終於有人介紹這遊戲啦 台灣人都沒在玩誒 這遊戲真的推,0,0,2 years ago,,,
youtube,P4yW2GX-17g,UgzMQ6p0V5hHQc0iy1B4AaABAg,@yech0205,UCRB2l4r05Lk6e_U-gYdQHpA,大陆服务器要看OP的管理水平的，有些管理不佳的服就是会很乱，ENG服也一样。但是管理好的服人就会很多，加入的时候就会排队很久。我890h，之前也在ENG服玩过，感觉很多人整场战斗都在漫无目的地郊游，体验也很差。这个游戏需要每场比赛都有指挥官和步兵队长指挥，才能让大家有好的游戏体验，所以当你加入某个小队的时候代表你愿意接受队长的指挥，队长让你做什么就做什么。如果真的只是想自己做点自己想做的事，除非你有自己的小队，否则这个游戏真的不适合你。毕竟这游戏叫战术小队。,3,0,2 years ago (edited),,,
youtube,P4yW2GX-17g,Ugym9zsolVzfYK_cch14AaABAg,@淡定咖啡-c4s,UCP1iAnb5C3jZwI8yzNhoMhA,Squad要有朋友一起玩才好玩😂,1,0,2 years ago,,,
